{
  "training_date": "2026-02-04T22:49:03.634147",
  "model_type": "ridge",
  "task_mode": "regression",
  "cv_method": "group_kfold",
  "n_splits": 5,
  "n_subjects": 53,
  "n_sessions": 212,
  "n_windows": 4415,
  "tasks": [
    "Speaking",
    "Math",
    "Counting2",
    "Counting1"
  ],
  "cv_summary": {
    "window_mae_mean": 0.1669809506366548,
    "window_mae_std": 0.018258606446296097,
    "session_mae_mean": 0.16489456146958612,
    "session_mae_std": 0.018948078565003933,
    "session_spearman_mean": 0.2538010090618444,
    "session_spearman_std": 0.10723494727903297
  },
  "overall_window_metrics": {
    "mae": 0.16675714534824018,
    "rmse": 0.20655604163878497,
    "r2": -0.021730927978582892,
    "spearman_r": 0.08836149724704837,
    "spearman_p": 4.076366888098469e-09,
    "n_samples": 4415
  },
  "overall_session_metrics": {
    "mae": 0.16458449451133844,
    "rmse": 0.20326598172924779,
    "r2": 0.007511239557520422,
    "spearman_r": 0.14203908729048037,
    "spearman_p": 0.038792469532101824,
    "n_samples": 212
  },
  "fold_results": [
    {
      "fold": 0,
      "train_subjects": [
        0,
        1,
        2,
        3,
        4,
        6,
        7,
        8,
        9,
        10,
        12,
        13,
        14,
        15,
        17,
        18,
        19,
        20,
        22,
        23,
        24,
        26,
        27,
        28,
        29,
        31,
        32,
        33,
        34,
        36,
        37,
        39,
        40,
        42,
        43,
        44,
        45,
        46,
        47,
        49,
        50,
        51
      ],
      "test_subjects": [
        5,
        11,
        16,
        21,
        25,
        30,
        35,
        38,
        41,
        48,
        52
      ],
      "n_train_windows": 3504,
      "n_test_windows": 911,
      "n_test_sessions": 44,
      "window_metrics": {
        "mae": 0.16393797730974044,
        "rmse": 0.1961536068897974,
        "r2": -0.07739210761208337,
        "spearman_r": 0.01618454454178855,
        "spearman_p": 0.6256520207983858,
        "n_samples": 911
      },
      "session_metrics": {
        "mae": 0.15859193867202917,
        "rmse": 0.18988682932814002,
        "r2": -0.024004215866825884,
        "spearman_r": 0.06071045661613478,
        "spearman_p": 0.6954455870309708,
        "n_samples": 44
      }
    },
    {
      "fold": 1,
      "train_subjects": [
        0,
        1,
        2,
        3,
        5,
        6,
        7,
        8,
        9,
        11,
        12,
        13,
        14,
        16,
        17,
        18,
        19,
        21,
        22,
        23,
        24,
        25,
        27,
        30,
        31,
        32,
        33,
        35,
        36,
        37,
        38,
        39,
        40,
        41,
        42,
        43,
        44,
        45,
        46,
        48,
        49,
        50,
        52
      ],
      "test_subjects": [
        4,
        10,
        15,
        20,
        26,
        28,
        29,
        34,
        47,
        51
      ],
      "n_train_windows": 3575,
      "n_test_windows": 840,
      "n_test_sessions": 40,
      "window_metrics": {
        "mae": 0.19789678850454623,
        "rmse": 0.24402470121047712,
        "r2": -0.06767768798296903,
        "spearman_r": 0.24939542384756314,
        "spearman_p": 2.2407056678467127e-13,
        "n_samples": 840
      },
      "session_metrics": {
        "mae": 0.19740666490370462,
        "rmse": 0.24254272007026145,
        "r2": -0.054748885777054834,
        "spearman_r": 0.39033907469708956,
        "spearman_p": 0.01277060053824826,
        "n_samples": 40
      }
    },
    {
      "fold": 2,
      "train_subjects": [
        1,
        2,
        4,
        5,
        6,
        7,
        9,
        10,
        11,
        12,
        13,
        15,
        16,
        17,
        18,
        20,
        21,
        22,
        23,
        25,
        26,
        28,
        29,
        30,
        31,
        32,
        34,
        35,
        36,
        37,
        38,
        39,
        41,
        42,
        43,
        44,
        45,
        47,
        48,
        49,
        50,
        51,
        52
      ],
      "test_subjects": [
        0,
        3,
        8,
        14,
        19,
        24,
        27,
        33,
        40,
        46
      ],
      "n_train_windows": 3575,
      "n_test_windows": 840,
      "n_test_sessions": 40,
      "window_metrics": {
        "mae": 0.14911460206916904,
        "rmse": 0.17273214301375558,
        "r2": -0.006286449582614484,
        "spearman_r": 0.2146826525709226,
        "spearman_p": 3.251923728255161e-10,
        "n_samples": 840
      },
      "session_metrics": {
        "mae": 0.1488160068225967,
        "rmse": 0.16949503841993876,
        "r2": 0.031076962935024932,
        "spearman_r": 0.27016534342128645,
        "spearman_p": 0.09179421807079055,
        "n_samples": 40
      }
    },
    {
      "fold": 3,
      "train_subjects": [
        0,
        1,
        3,
        4,
        5,
        6,
        8,
        9,
        10,
        11,
        12,
        14,
        15,
        16,
        17,
        19,
        20,
        21,
        22,
        24,
        25,
        26,
        27,
        28,
        29,
        30,
        31,
        33,
        34,
        35,
        36,
        38,
        40,
        41,
        43,
        46,
        47,
        48,
        49,
        50,
        51,
        52
      ],
      "test_subjects": [
        2,
        7,
        13,
        18,
        23,
        32,
        37,
        39,
        42,
        44,
        45
      ],
      "n_train_windows": 3501,
      "n_test_windows": 914,
      "n_test_sessions": 44,
      "window_metrics": {
        "mae": 0.14908266963785533,
        "rmse": 0.17877244070863618,
        "r2": -0.26080570832600714,
        "spearman_r": 0.2262422083353223,
        "spearman_p": 4.503183144746364e-12,
        "n_samples": 914
      },
      "session_metrics": {
        "mae": 0.14589082863149844,
        "rmse": 0.17405865840985174,
        "r2": -0.2042059739169304,
        "spearman_r": 0.289622919542906,
        "spearman_p": 0.056529819491356284,
        "n_samples": 44
      }
    },
    {
      "fold": 4,
      "train_subjects": [
        0,
        2,
        3,
        4,
        5,
        7,
        8,
        10,
        11,
        13,
        14,
        15,
        16,
        18,
        19,
        20,
        21,
        23,
        24,
        25,
        26,
        27,
        28,
        29,
        30,
        32,
        33,
        34,
        35,
        37,
        38,
        39,
        40,
        41,
        42,
        44,
        45,
        46,
        47,
        48,
        51,
        52
      ],
      "test_subjects": [
        1,
        6,
        9,
        12,
        17,
        22,
        31,
        36,
        43,
        49,
        50
      ],
      "n_train_windows": 3505,
      "n_test_windows": 910,
      "n_test_sessions": 44,
      "window_metrics": {
        "mae": 0.17487271566196302,
        "rmse": 0.23209955176578384,
        "r2": 0.022049596646599667,
        "spearman_r": 0.1676488019887899,
        "spearman_p": 3.648899233830549e-07,
        "n_samples": 910
      },
      "session_metrics": {
        "mae": 0.17376736831810174,
        "rmse": 0.2304858669706206,
        "r2": 0.04084725733125827,
        "spearman_r": 0.2581672510318051,
        "spearman_p": 0.09064486938895834,
        "n_samples": 44
      }
    }
  ],
  "feature_names": [
    "blink_rate",
    "blink_count",
    "mean_blink_duration",
    "ear_std",
    "mean_brightness",
    "std_brightness",
    "perclos",
    "mean_quality",
    "valid_frame_ratio"
  ]
}