{
  "training_date": "2026-01-20T17:31:31.561044",
  "model_type": "xgb",
  "task_mode": "regression",
  "cv_method": "group_kfold",
  "n_splits": 5,
  "n_subjects": 106,
  "n_sessions": 950,
  "n_windows": 132862,
  "tasks": [
    "task_1",
    "task_7",
    "task_2",
    "task_3",
    "task_9",
    "task_6",
    "task_8",
    "task_4",
    "task_5"
  ],
  "cv_summary": {
    "window_mae_mean": 0.24354806157659148,
    "window_mae_std": 0.013296960645386458,
    "session_mae_mean": 0.24260018684728984,
    "session_mae_std": 0.01252500931868422,
    "session_spearman_mean": 0.05999456844642692,
    "session_spearman_std": 0.09366395311711091
  },
  "overall_window_metrics": {
    "mae": 0.24359160882110892,
    "rmse": 0.28502666701314144,
    "r2": -0.04568348707408609,
    "spearman_r": 0.028681000639332235,
    "spearman_p": 1.370388387388713e-25,
    "n_samples": 132862
  },
  "overall_session_metrics": {
    "mae": 0.24267323862954837,
    "rmse": 0.2831687660870866,
    "r2": -0.024929871990400976,
    "spearman_r": 0.029804774325975555,
    "spearman_p": 0.35880777428988664,
    "n_samples": 950
  },
  "fold_results": [
    {
      "fold": 0,
      "train_subjects": [
        0,
        1,
        2,
        3,
        5,
        7,
        11,
        12,
        14,
        15,
        16,
        17,
        18,
        19,
        20,
        23,
        25,
        27,
        28,
        29,
        30,
        32,
        33,
        35,
        36,
        37,
        38,
        39,
        40,
        41,
        43,
        44,
        46,
        47,
        48,
        49,
        50,
        51,
        52,
        53,
        55,
        56,
        58,
        59,
        60,
        61,
        62,
        63,
        64,
        66,
        67,
        68,
        69,
        70,
        71,
        73,
        74,
        75,
        76,
        77,
        78,
        79,
        80,
        81,
        82,
        83,
        85,
        86,
        87,
        88,
        89,
        90,
        92,
        93,
        94,
        95,
        96,
        97,
        98,
        99,
        100,
        101,
        103,
        104,
        105
      ],
      "test_subjects": [
        4,
        6,
        8,
        9,
        10,
        13,
        21,
        22,
        24,
        26,
        31,
        34,
        42,
        45,
        54,
        57,
        65,
        72,
        84,
        91,
        102
      ],
      "n_train_windows": 106386,
      "n_test_windows": 26476,
      "n_test_sessions": 189,
      "window_metrics": {
        "mae": 0.21867467406112645,
        "rmse": 0.255733629972096,
        "r2": -0.0021310253781621213,
        "spearman_r": 0.12038936737221557,
        "spearman_p": 4.7748232117481896e-86,
        "n_samples": 26476
      },
      "session_metrics": {
        "mae": 0.22229387112655702,
        "rmse": 0.2577745271811917,
        "r2": 0.03170505802847512,
        "spearman_r": 0.21434912955391305,
        "spearman_p": 0.0030587910224125396,
        "n_samples": 189
      }
    },
    {
      "fold": 1,
      "train_subjects": [
        0,
        1,
        2,
        3,
        4,
        5,
        6,
        8,
        9,
        10,
        11,
        12,
        13,
        14,
        15,
        18,
        21,
        22,
        23,
        24,
        25,
        26,
        27,
        28,
        29,
        30,
        31,
        32,
        34,
        35,
        36,
        37,
        39,
        40,
        41,
        42,
        43,
        45,
        46,
        47,
        49,
        50,
        51,
        52,
        54,
        57,
        58,
        59,
        60,
        61,
        62,
        63,
        64,
        65,
        66,
        67,
        68,
        69,
        70,
        72,
        74,
        75,
        76,
        77,
        78,
        79,
        80,
        81,
        82,
        83,
        84,
        87,
        88,
        89,
        90,
        91,
        92,
        93,
        94,
        96,
        98,
        100,
        101,
        102,
        104
      ],
      "test_subjects": [
        7,
        16,
        17,
        19,
        20,
        33,
        38,
        44,
        48,
        53,
        55,
        56,
        71,
        73,
        85,
        86,
        95,
        97,
        99,
        103,
        105
      ],
      "n_train_windows": 106377,
      "n_test_windows": 26485,
      "n_test_sessions": 187,
      "window_metrics": {
        "mae": 0.2534888257889266,
        "rmse": 0.29177180122343377,
        "r2": -0.04065594172219256,
        "spearman_r": 0.016854078418388672,
        "spearman_p": 0.006089293699353837,
        "n_samples": 26485
      },
      "session_metrics": {
        "mae": 0.2533763267381755,
        "rmse": 0.29034279976870414,
        "r2": -0.01748961327196108,
        "spearman_r": 0.02880643459853924,
        "spearman_p": 0.695529673916624,
        "n_samples": 187
      }
    },
    {
      "fold": 2,
      "train_subjects": [
        0,
        1,
        3,
        4,
        5,
        6,
        7,
        8,
        9,
        10,
        11,
        13,
        15,
        16,
        17,
        19,
        20,
        21,
        22,
        23,
        24,
        25,
        26,
        27,
        29,
        30,
        31,
        32,
        33,
        34,
        35,
        36,
        37,
        38,
        39,
        41,
        42,
        43,
        44,
        45,
        46,
        48,
        50,
        51,
        52,
        53,
        54,
        55,
        56,
        57,
        58,
        59,
        60,
        63,
        64,
        65,
        68,
        70,
        71,
        72,
        73,
        74,
        75,
        77,
        78,
        80,
        81,
        82,
        83,
        84,
        85,
        86,
        88,
        91,
        93,
        95,
        96,
        97,
        99,
        100,
        101,
        102,
        103,
        105
      ],
      "test_subjects": [
        2,
        12,
        14,
        18,
        28,
        40,
        47,
        49,
        61,
        62,
        66,
        67,
        69,
        76,
        79,
        87,
        89,
        90,
        92,
        94,
        98,
        104
      ],
      "n_train_windows": 105904,
      "n_test_windows": 26958,
      "n_test_sessions": 196,
      "window_metrics": {
        "mae": 0.25528902643401,
        "rmse": 0.2967541447671384,
        "r2": -0.09643900035375119,
        "spearman_r": -0.013853704071580451,
        "spearman_p": 0.022928235675167115,
        "n_samples": 26958
      },
      "session_metrics": {
        "mae": 0.2555932544083461,
        "rmse": 0.2959408673879623,
        "r2": -0.09106696777645018,
        "spearman_r": 0.025258206336691135,
        "spearman_p": 0.7252814391603317,
        "n_samples": 196
      }
    },
    {
      "fold": 3,