{
  "accuracy": 0.7831699346405229,
  "f1": 0.5530481643651061,
  "n_samples": 6120,
  "n_subjects": 53
}