{
  "training_date": "2026-02-04T23:14:26.177577",
  "model_type": "ridge",
  "task_mode": "regression",
  "cv_method": "group_kfold",
  "n_splits": 5,
  "n_subjects": 53,
  "n_sessions": 106,
  "n_windows": 944,
  "tasks": [
    "Counting1",
    "Counting2",
    "Speaking",
    "Math"
  ],
  "cv_summary": {
    "window_mae_mean": 0.062208314991401614,
    "window_mae_std": 0.0067084105085271645,
    "session_mae_mean": 0.06195316952200071,
    "session_mae_std": 0.006499243830971617,
    "session_spearman_mean": -0.12618740527207348,
    "session_spearman_std": 0.08739277012064076
  },
  "overall_window_metrics": {
    "mae": 0.062107433322935834,
    "rmse": 0.08328394798789034,
    "r2": -0.1627217065798079,
    "spearman_r": -0.12473585057110534,
    "spearman_p": 0.0001218396166134834,
    "n_samples": 944
  },
  "overall_session_metrics": {
    "mae": 0.061783344535462824,
    "rmse": 0.0822925386044748,
    "r2": -0.1360218152949746,
    "spearman_r": -0.1699523893493211,
    "spearman_p": 0.08155840874681648,
    "n_samples": 106
  },
  "fold_results": [
    {
      "fold": 0,
      "train_subjects": [
        1,
        2,
        3,
        4,
        6,
        7,
        8,
        9,
        10,
        12,
        13,
        14,
        15,
        17,
        18,
        19,
        20,
        22,
        23,
        24,
        26,
        27,
        28,
        29,
        30,
        31,
        32,
        34,
        35,
        36,
        37,
        38,
        40,
        41,
        42,
        43,
        45,
        46,
        47,
        48,
        50,
        51
      ],
      "test_subjects": [
        0,
        5,
        11,
        16,
        21,
        25,
        33,
        39,
        44,
        49,
        52
      ],
      "n_train_windows": 746,
      "n_test_windows": 198,
      "n_test_sessions": 22,
      "window_metrics": {
        "mae": 0.0669975855156985,
        "rmse": 0.08345512606451001,
        "r2": -0.3026397595900623,
        "spearman_r": -0.0041156679073211175,
        "spearman_p": 0.9541101465223061,
        "n_samples": 198
      },
      "session_metrics": {
        "mae": 0.06596257740610989,
        "rmse": 0.08096137741756641,
        "r2": -0.22595370749485633,
        "spearman_r": -0.06267645398080182,
        "spearman_p": 0.7817104249303759,
        "n_samples": 22
      }
    },
    {
      "fold": 1,
      "train_subjects": [
        0,
        1,
        2,
        3,
        5,
        6,
        7,
        8,
        11,
        12,
        13,
        14,
        16,
        17,
        18,
        19,
        21,
        22,
        23,
        24,
        25,
        27,
        28,
        29,
        30,
        31,
        33,
        34,
        35,
        36,
        38,
        39,
        40,
        41,
        42,
        44,
        45,
        46,
        47,
        49,
        50,
        52
      ],
      "test_subjects": [
        4,
        9,
        10,
        15,
        20,
        26,
        32,
        37,
        43,
        48,
        51
      ],
      "n_train_windows": 750,
      "n_test_windows": 194,
      "n_test_sessions": 22,
      "window_metrics": {
        "mae": 0.05563080958379446,
        "rmse": 0.05989221172691871,
        "r2": -0.5172340943244629,
        "spearman_r": -0.25272493524801853,
        "spearman_p": 0.00037770533066809386,
        "n_samples": 194
      },
      "session_metrics": {
        "mae": 0.05608085720801444,
        "rmse": 0.05917708806229424,
        "r2": -0.4890867904008851,
        "spearman_r": -0.17108977978543197,
        "spearman_p": 0.4464902890766693,
        "n_samples": 22
      }
    },
    {
      "fold": 2,
      "train_subjects": [
        0,
        1,
        2,
        4,
        5,
        6,
        7,
        9,
        10,
        11,
        12,
        13,
        15,
        16,
        17,
        18,
        20,
        21,
        22,
        23,
        25,
        26,
        28,
        29,
        30,
        32,
        33,
        34,
        35,
        37,
        39,
        40,
        41,
        43,
        44,
        45,
        46,
        48,
        49,
        50,
        51,
        52
      ],
      "test_subjects": [
        3,
        8,
        14,
        19,
        24,
        27,
        31,
        36,
        38,
        42,
        47
      ],
      "n_train_windows": 752,
      "n_test_windows": 192,
      "n_test_sessions": 22,
      "window_metrics": {
        "mae": 0.05476214092785697,
        "rmse": 0.0641608316094568,
        "r2": -0.42410730261470797,
        "spearman_r": -0.19634178921293102,
        "spearman_p": 0.006344104428140922,
        "n_samples": 192
      },
      "session_metrics": {
        "mae": 0.054815349665370314,
        "rmse": 0.06392296688324527,
        "r2": -0.3402890221264465,
        "spearman_r": -0.2783738001129306,
        "spearman_p": 0.2096789810948037,
        "n_samples": 22
      }
    },
    {
      "fold": 3,
      "train_subjects": [
        0,
        1,
        3,
        4,
        5,
        6,
        8,
        9,
        10,
        11,
        12,
        14,
        15,
        16,
        17,
        19,
        20,
        21,
        22,
        24,
        25,
        26,
        27,
        29,
        31,
        32,
        33,
        34,
        36,
        37,
        38,
        39,
        40,
        42,
        43,
        44,
        45,
        47,
        48,
        49,
        50,
        51,
        52
      ],
      "test_subjects": [
        2,
        7,
        13,
        18,
        23,
        28,
        30,
        35,
        41,
        46
      ],
      "n_train_windows": 764,
      "n_test_windows": 180,
      "n_test_sessions": 20,
      "window_metrics": {
        "mae": 0.06131505189260318,
        "rmse": 0.1014238636882162,
        "r2": -0.04296368478399559,
        "spearman_r": -0.03022345397583188,
        "spearman_p": 0.6871267929354438,
        "n_samples": 180
      },
      "session_metrics": {
        "mae": 0.06057193081041097,
        "rmse": 0.10107578636100054,
        "r2": -0.035817258835580734,
        "spearman_r": -0.05413533834586466,
        "spearman_p": 0.8206745196973446,
        "n_samples": 20
      }
    },
    {
      "fold": 4,
      "train_subjects": [
        0,
        2,
        3,
        4,
        5,
        7,
        8,
        9,
        10,
        11,
        13,
        14,
        15,
        16,
        18,
        19,
        20,
        21,
        23,
        24,
        25,
        26,
        27,
        28,
        30,
        31,
        32,
        33,
        35,
        36,
        37,
        38,
        39,
        41,
        42,
        43,
        44,
        46,
        47,
        48,
        49,
        51,
        52
      ],
      "test_subjects": [
        1,
        6,
        12,
        17,
        22,
        29,
        34,
        40,
        45,
        50
      ],
      "n_train_windows": 764,
      "n_test_windows": 180,
      "n_test_sessions": 20,
      "window_metrics": {
        "mae": 0.07233598703705496,
        "rmse": 0.10085355913183086,
        "r2": -0.1749881052003579,
        "spearman_r": -0.07581822288783838,
        "spearman_p": 0.311739664103812,
        "n_samples": 180
      },
      "session_metrics": {
        "mae": 0.07233513252009795,
        "rmse": 0.10059082287315503,
        "r2": -0.16887409465761705,
        "spearman_r": -0.06466165413533834,
        "spearman_p": 0.7865148626867856,
        "n_samples": 20
      }
    }
  ],
  "feature_names": [
    "blink_rate",
    "blink_count",
    "mean_blink_duration",
    "ear_std",
    "mean_brightness",
    "std_brightness",
    "perclos",
    "mean_quality",
    "valid_frame_ratio"
  ]
}