{
  "training_date": "2026-02-04T22:49:10.113178",
  "model_type": "ridge",
  "task_mode": "regression",
  "cv_method": "group_kfold",
  "n_splits": 5,
  "n_subjects": 53,
  "n_sessions": 212,
  "n_windows": 4415,
  "tasks": [
    "Math",
    "Speaking",
    "Counting1",
    "Counting2"
  ],
  "cv_summary": {
    "window_mae_mean": 0.3658814198144818,
    "window_mae_std": 0.02666422873081264,
    "session_mae_mean": 0.3650448279881381,
    "session_mae_std": 0.026255147212090088,
    "session_spearman_mean": 0.1438603408314129,
    "session_spearman_std": 0.0838708590963397
  },
  "overall_window_metrics": {
    "mae": 0.36576256643770316,
    "rmse": 0.38256504444262424,
    "r2": -0.07010479298451977,
    "spearman_r": -0.06479287187039659,
    "spearman_p": 1.643646958963491e-05,
    "n_samples": 4415
  },
  "overall_session_metrics": {
    "mae": 0.36490012715620557,
    "rmse": 0.38040719169960924,
    "r2": -0.05964249437050961,
    "spearman_r": -0.06882554380202344,
    "spearman_p": 0.31858326030373485,
    "n_samples": 212
  },
  "fold_results": [
    {
      "fold": 0,
      "train_subjects": [
        0,
        1,
        2,
        3,
        4,
        6,
        7,
        8,
        9,
        10,
        12,
        13,
        14,
        15,
        17,
        18,
        19,
        20,
        22,
        23,
        24,
        26,
        27,
        28,
        29,
        31,
        32,
        33,
        34,
        36,
        37,
        39,
        40,
        42,
        43,
        44,
        45,
        46,
        47,
        49,
        50,
        51
      ],
      "test_subjects": [
        5,
        11,
        16,
        21,
        25,
        30,
        35,
        38,
        41,
        48,
        52
      ],
      "n_train_windows": 3504,
      "n_test_windows": 911,
      "n_test_sessions": 44,
      "window_metrics": {
        "mae": 0.35264942760914836,
        "rmse": 0.36749465182844515,
        "r2": -0.06594195860942142,
        "spearman_r": -0.01876357541796643,
        "spearman_p": 0.571659591215588,
        "n_samples": 911
      },
      "session_metrics": {
        "mae": 0.3511623799383,
        "rmse": 0.3639830187188137,
        "r2": -0.054547086719541005,
        "spearman_r": 0.005355884425651868,
        "spearman_p": 0.9724749564996752,
        "n_samples": 44
      }
    },
    {
      "fold": 1,
      "train_subjects": [
        0,
        1,
        2,
        3,
        5,
        6,
        7,
        8,
        9,
        11,
        12,
        13,
        14,
        16,
        17,
        18,
        19,
        21,
        22,
        23,
        24,
        25,
        27,
        30,
        31,
        32,
        33,
        35,
        36,
        37,
        38,
        39,
        40,
        41,
        42,
        43,
        44,
        45,
        46,
        48,
        49,
        50,
        52
      ],
      "test_subjects": [
        4,
        10,
        15,
        20,
        26,
        28,
        29,
        34,
        47,
        51
      ],
      "n_train_windows": 3575,
      "n_test_windows": 840,
      "n_test_sessions": 40,
      "window_metrics": {
        "mae": 0.4096988802516273,
        "rmse": 0.43230617406731026,
        "r2": -0.4350946851042927,
        "spearman_r": 0.13154333541481494,
        "spearman_p": 0.00013160444712499435,
        "n_samples": 840
      },
      "session_metrics": {
        "mae": 0.4077246120466123,
        "rmse": 0.43057834883228585,
        "r2": -0.42364614336298456,
        "spearman_r": 0.17298311444652908,
        "spearman_p": 0.28578139450370776,
        "n_samples": 40
      }
    },
    {
      "fold": 2,
      "train_subjects": [
        1,
        2,
        4,
        5,
        6,
        7,
        9,
        10,
        11,
        12,
        13,
        15,
        16,
        17,
        18,
        20,
        21,
        22,
        23,
        25,
        26,
        28,
        29,
        30,
        31,
        32,
        34,
        35,
        36,
        37,
        38,
        39,
        41,
        42,
        43,
        44,
        45,
        47,
        48,
        49,
        50,
        51,
        52
      ],
      "test_subjects": [
        0,
        3,
        8,
        14,
        19,
        24,
        27,
        33,
        40,
        46
      ],
      "n_train_windows": 3575,
      "n_test_windows": 840,
      "n_test_sessions": 40,
      "window_metrics": {
        "mae": 0.3300341880220852,
        "rmse": 0.3436503744165857,
        "r2": 0.024535491532538756,
        "spearman_r": 0.2129000258075888,
        "spearman_p": 4.580753590072683e-10,
        "n_samples": 840
      },
      "session_metrics": {
        "mae": 0.33003418802208523,
        "rmse": 0.3424290251453713,
        "r2": 0.031456861856776874,
        "spearman_r": 0.24596622889305816,
        "spearman_p": 0.12603894523182832,
        "n_samples": 40
      }
    },
    {
      "fold": 3,
      "train_subjects": [
        0,
        1,
        3,
        4,
        5,
        6,
        8,
        9,
        10,
        11,
        12,
        14,
        15,
        16,
        17,
        19,
        20,
        21,
        22,
        24,
        25,
        26,
        27,
        28,
        29,
        30,
        31,
        33,
        34,
        35,
        36,
        38,
        40,
        41,
        43,
        46,
        47,
        48,
        49,
        50,
        51,
        52
      ],
      "test_subjects": [
        2,
        7,
        13,
        18,
        23,
        32,
        37,
        39,
        42,
        44,
        45
      ],
      "n_train_windows": 3501,
      "n_test_windows": 914,
      "n_test_sessions": 44,
      "window_metrics": {
        "mae": 0.3774840045295879,
        "rmse": 0.3937785655441082,
        "r2": -0.3241217175033364,
        "spearman_r": 0.07250162675672082,
        "spearman_p": 0.028394964759426357,
        "n_samples": 914
      },
      "session_metrics": {
        "mae": 0.37782954693918036,
        "rmse": 0.3918906555550722,
        "r2": -0.3055665685297493,
        "spearman_r": 0.09908386187455955,
        "spearman_p": 0.5222346554254506,
        "n_samples": 44
      }
    },
    {
      "fold": 4,
      "train_subjects": [
        0,
        2,
        3,
        4,
        5,
        7,
        8,
        10,
        11,
        13,
        14,
        15,
        16,
        18,
        19,
        20,
        21,
        23,
        24,
        25,
        26,
        27,
        28,
        29,
        30,
        32,
        33,
        34,
        35,
        37,
        38,
        39,
        40,
        41,
        42,
        44,
        45,
        46,
        47,
        48,
        51,
        52
      ],
      "test_subjects": [
        1,
        6,
        9,
        12,
        17,
        22,
        31,
        36,
        43,
        49,
        50
      ],
      "n_train_windows": 3505,
      "n_test_windows": 910,
      "n_test_sessions": 44,
      "window_metrics": {
        "mae": 0.3595405986599602,
        "rmse": 0.37094494179022613,
        "r2": 0.008317722479985301,
        "spearman_r": 0.12332112651383415,
        "spearman_p": 0.0001920423891202772,
        "n_samples": 910
      },
      "session_metrics": {
        "mae": 0.35847341299451235,
        "rmse": 0.3688280937067063,
        "r2": 0.016974691895400906,
        "spearman_r": 0.19591261451726566,
        "spearman_p": 0.2024796621317721,
        "n_samples": 44
      }
    }
  ],
  "feature_names": [
    "blink_rate",
    "blink_count",
    "mean_blink_duration",
    "ear_std",
    "mean_brightness",
    "std_brightness",
    "perclos",
    "mean_quality",
    "valid_frame_ratio"
  ]
}